A,D,E,G,I,L,M,2
A,D,E,G,I,L,M,2
A,D,E,G,J,K,M,3
A,D,E,G,I,L,M,2
A,D,E,G,I,L,M,2
A,D,E,G,I,L,M,2
A,D,E,G,I,L,M,2
A,D,E,G,I,L,M,2
A,D,E,G,I,L,M,2
A,D,E,G,J,K,M,3
A,D,E,G,I,L,M,2
A,D,E,G,J,K,M,3
A,D,E,G,I,L,M,2
A,D,E,G,J,K,M,3
A,D,E,G,J,K,M,3
A,D,E,G,I,L,M,2
A,D,E,G,I,L,M,2
A,D,E,G,J,K,M,3
A,D,E,G,J,K,M,3
A,D,E,G,J,K,M,3
A,D,E,G,I,L,M,2
A,D,E,G,I,L,M,2
A,D,E,G,J,K,M,3
A,D,E,G,J,K,M,3
A,D,E,G,J,K,M,3
A,D,E,G,J,K,M,3
A,D,E,G,I,L,M,2
A,D,E,G,I,L,M,2
A,D,E,G,J,K,M,3
A,D,E,G,J,K,M,3
A,D,E,G,J,K,M,3
A,D,E,G,I,L,M,2
A,D,E,G,J,K,M,3
A,D,E,G,J,K,M,3
A,D,E,G,J,K,M,3
A,D,E,G,J,K,M,3
A,D,E,G,I,L,M,2
A,D,E,G,I,L,M,2
A,D,E,G,I,L,M,2
A,D,E,G,I,L,M,2
A,D,E,G,J,K,M,3
A,D,E,G,I,L,M,2
A,D,E,G,I,L,M,2
A,D,E,G,J,K,M,3
A,D,E,G,I,L,M,2
A,D,E,G,I,L,M,2
A,D,E,G,I,L,M,2
A,D,E,G,J,K,M,3
A,D,E,G,J,K,M,3
A,D,E,G,I,L,M,2
A,D,E,G,J,K,M,3
A,D,E,G,J,K,M,3
A,D,E,G,I,L,M,2
A,D,E,G,I,L,M,2
A,D,E,G,I,L,M,2
A,D,E,G,J,K,M,3
A,D,E,G,I,L,M,2
A,D,E,G,I,L,M,2
A,D,E,G,J,K,M,3
A,D,E,G,J,K,M,3
A,D,E,G,I,L,M,2
A,D,E,G,I,L,M,2
A,D,E,G,J,K,M,3
A,D,E,G,I,L,M,2
A,D,E,G,J,K,M,3
A,D,E,G,I,L,M,2
A,D,E,G,J,K,M,3
A,D,E,G,I,L,M,2
A,D,E,G,J,K,M,3
A,D,E,G,I,L,M,2
A,D,E,G,I,L,M,2
A,D,E,G,J,K,M,3
A,D,E,G,I,L,M,2
A,D,E,G,I,L,M,2
A,D,E,G,I,L,M,2
A,D,E,G,J,K,M,3
A,D,E,G,I,L,M,2
A,D,E,G,J,K,M,3
A,D,E,G,I,L,M,2
A,D,E,G,I,L,M,2
A,D,E,G,J,K,M,3
A,D,E,G,I,L,M,2
A,D,E,G,J,K,M,3
A,D,E,G,I,L,M,2
A,D,E,G,I,L,M,2
A,D,E,G,J,K,M,3
A,D,E,G,J,K,M,3
A,D,E,G,J,K,M,3
A,D,E,G,J,K,M,3
A,D,E,G,I,L,M,2
A,D,E,G,I,L,M,2
A,D,E,G,I,L,M,2
A,D,E,G,I,L,M,2
A,D,E,G,I,L,M,2
A,D,E,G,J,K,M,3
A,D,E,G,I,L,M,2
A,D,E,G,I,L,M,2
A,D,E,G,J,K,M,3
A,D,E,G,I,L,M,2
A,D,E,G,J,K,M,3
A,D,E,G,I,L,M,2
A,D,E,G,I,L,M,2
A,D,E,G,J,K,M,3
A,D,E,G,J,K,M,3
A,D,E,G,I,L,M,2
A,D,E,G,I,L,M,2
A,D,E,G,I,L,M,2
A,D,E,G,J,K,M,3
A,D,E,G,I,L,M,2
A,D,E,G,J,K,M,3
A,D,E,G,J,K,M,3
A,D,E,G,J,K,M,3
A,D,E,G,I,L,M,2
A,D,E,G,I,L,M,2
A,D,E,G,I,L,M,2
A,D,E,G,I,L,M,2
A,D,E,G,I,L,M,2
A,D,E,G,J,K,M,3
A,D,E,G,I,L,M,2
A,D,E,G,I,L,M,2
A,D,E,G,J,K,M,3
A,D,E,G,J,K,M,3
A,D,E,G,J,K,M,3
A,D,E,G,I,L,M,2
A,D,E,G,J,K,M,3
A,D,E,G,J,K,M,3
A,D,E,G,I,L,M,2
A,D,E,G,J,K,M,3
A,D,E,G,I,L,M,2
A,D,E,G,I,L,M,2
A,D,E,G,J,K,M,3
A,D,E,G,J,K,M,3
A,D,E,G,J,K,M,3
A,D,E,G,J,K,M,3
A,D,E,G,I,L,M,2
A,D,E,G,J,K,M,3
A,D,E,G,I,L,M,2
A,D,E,G,J,K,M,3
A,D,E,G,I,L,M,2
A,D,E,G,J,K,M,3
A,D,E,G,I,L,M,2
A,D,E,G,J,K,M,3
A,D,E,G,I,L,M,2
A,D,E,G,J,K,M,3
A,D,E,G,J,K,M,3
A,D,E,G,I,L,M,2
A,D,E,G,I,L,M,2
A,D,E,G,J,K,M,3
A,D,E,G,J,K,M,3
A,D,E,G,I,L,M,2
A,D,E,G,I,L,M,2
A,D,E,G,J,K,M,3
A,D,E,G,I,L,M,2
A,D,E,G,J,K,M,3
A,D,E,G,J,K,M,3
A,D,E,G,I,L,M,2
A,D,E,G,J,K,M,3
A,D,E,G,I,L,M,2
A,D,E,G,I,L,M,2
A,D,E,G,J,K,M,3
A,D,E,G,I,L,M,2
A,D,E,G,I,L,M,2
A,D,E,G,I,L,M,2
A,D,E,G,J,K,M,3
A,D,E,G,I,L,M,2
A,D,E,G,I,L,M,2
A,D,E,G,I,L,M,2
A,D,E,G,I,L,M,2
A,D,E,G,J,K,M,3
A,D,E,G,J,K,M,3
A,D,E,G,I,L,M,2
A,D,E,G,I,L,M,2
A,D,E,G,I,L,M,2
A,D,E,G,J,K,M,3
A,D,E,G,J,K,M,3
A,D,E,G,J,K,M,3
A,D,E,G,J,K,M,3
A,D,E,G,I,L,M,2
A,D,E,G,J,K,M,3
A,D,E,G,J,K,M,3
A,D,E,G,J,K,M,3
A,D,E,G,I,L,M,2
A,D,E,G,I,L,M,2
A,D,E,G,J,K,M,3
A,D,E,G,J,K,M,3
A,D,E,G,I,L,M,2
A,D,E,G,I,L,M,2
A,D,E,G,J,K,M,3
